AVFoundation	-	lib
AVFoundation	_AVAudioSessionCategoryAmbient	data
AVFoundation	_OBJC_CLASS_$_AVAudioSession	fn
AudioToolbox	-	lib
AudioToolbox	_AudioComponentFindNext	fn
AudioToolbox	_AudioComponentInstanceDispose	fn
AudioToolbox	_AudioComponentInstanceNew	fn
AudioToolbox	_AudioFileClose	fn
AudioToolbox	_AudioFileGetProperty	fn
AudioToolbox	_AudioFileGetPropertyInfo	fn
AudioToolbox	_AudioFileOpenWithCallbacks	fn
AudioToolbox	_AudioFileReadPacketData	fn
AudioToolbox	_AudioOutputUnitStart	fn
AudioToolbox	_AudioOutputUnitStop	fn
AudioToolbox	_AudioQueueAllocateBuffer	fn
AudioToolbox	_AudioQueueAllocateBufferWithPacketDescriptions	fn
AudioToolbox	_AudioQueueDispose	fn
AudioToolbox	_AudioQueueEnqueueBuffer	fn
AudioToolbox	_AudioQueueFlush	fn
AudioToolbox	_AudioQueueNewOutput	fn
AudioToolbox	_AudioQueueOfflineRender	fn
AudioToolbox	_AudioQueueSetOfflineRenderFormat	fn
AudioToolbox	_AudioQueueSetProperty	fn
AudioToolbox	_AudioQueueStart	fn
AudioToolbox	_AudioQueueStop	fn
AudioToolbox	_AudioSessionGetProperty	fn
AudioToolbox	_AudioUnitGetProperty	fn
AudioToolbox	_AudioUnitInitialize	fn
AudioToolbox	_AudioUnitRender	fn
AudioToolbox	_AudioUnitSetProperty	fn
AudioToolbox	_AudioUnitUninitialize	fn
CFNetwork	-	lib
CFNetwork	_CFNetworkCopySystemProxySettings	fn
CFNetwork	_OBJC_CLASS_$_NSHTTPCookieStorage	fn
CFNetwork	_OBJC_CLASS_$_NSHTTPURLResponse	fn
CFNetwork	_OBJC_CLASS_$_NSMutableURLRequest	fn
CFNetwork	_OBJC_CLASS_$_NSURLConnection	fn
CFNetwork	_OBJC_CLASS_$_NSURLRequest	fn
CFNetwork	_OBJC_CLASS_$_NSURLSession	fn
CFNetwork	_OBJC_CLASS_$_NSURLSessionConfiguration	fn
CFNetwork	_kCFNetworkProxiesHTTPPort	data
CFNetwork	_kCFNetworkProxiesHTTPProxy	data
CoreFoundation	-	lib
CoreFoundation	_CFArrayCreate	fn
CoreFoundation	_CFDataCreateWithBytesNoCopy	fn
CoreFoundation	_CFDictionaryGetValue	fn
CoreFoundation	_CFNumberIsFloatType	fn
CoreFoundation	_CFRelease	fn
CoreFoundation	_CFRunLoopGetCurrent	fn
CoreFoundation	_CFStringConvertEncodingToNSStringEncoding	fn
CoreFoundation	_CFStringCreateWithCStringNoCopy	fn
CoreFoundation	_CFStringGetCStringPtr	fn
CoreFoundation	_CFUUIDCreate	fn
CoreFoundation	_CFUUIDCreateString	fn
CoreFoundation	_NSDefaultRunLoopMode	data
CoreFoundation	_NSLocaleCountryCode	fn
CoreFoundation	_NSLocaleIdentifier	fn
CoreFoundation	_OBJC_CLASS_$_NSArray	fn
CoreFoundation	_OBJC_CLASS_$_NSData	fn
CoreFoundation	_OBJC_CLASS_$_NSDate	fn
CoreFoundation	_OBJC_CLASS_$_NSDictionary	fn
CoreFoundation	_OBJC_CLASS_$_NSLocale	fn
CoreFoundation	_OBJC_CLASS_$_NSMutableArray	fn
CoreFoundation	_OBJC_CLASS_$_NSMutableData	fn
CoreFoundation	_OBJC_CLASS_$_NSMutableDictionary	fn
CoreFoundation	_OBJC_CLASS_$_NSMutableSet	fn
CoreFoundation	_OBJC_CLASS_$_NSRunLoop	fn
CoreFoundation	_OBJC_CLASS_$_NSSet	fn
CoreFoundation	_OBJC_CLASS_$_NSTimeZone	fn
CoreFoundation	_OBJC_CLASS_$_NSURL	fn
CoreFoundation	_OBJC_CLASS_$_NSUserDefaults	fn
CoreFoundation	_OBJC_EHTYPE_$_NSException	fn
CoreFoundation	___CFConstantStringClassReference	data
CoreFoundation	_kCFAllocatorDefault	data
CoreFoundation	_kCFAllocatorNull	data
CoreFoundation	_kCFBooleanTrue	data
CoreFoundation	_kCFCoreFoundationVersionNumber	data
CoreFoundation	_kCFRunLoopDefaultMode	data
CoreGraphics	-	lib
CoreGraphics	_CGBitmapContextCreate	fn
CoreGraphics	_CGColorSpaceCreateDeviceRGB	fn
CoreGraphics	_CGColorSpaceRelease	fn
CoreGraphics	_CGContextClearRect	fn
CoreGraphics	_CGContextDrawImage	fn
CoreGraphics	_CGContextRelease	fn
CoreGraphics	_CGContextTranslateCTM	fn
CoreGraphics	_CGImageGetHeight	fn
CoreGraphics	_CGImageGetWidth	fn
CoreGraphics	_CGRectZero	data
CoreText	-	lib
Foundation	-	lib
Foundation	_NSLocalizedDescriptionKey	data
Foundation	_NSLocalizedFailureReasonErrorKey	data
Foundation	_NSLog	fn
Foundation	_NSSearchPathForDirectoriesInDomains	fn
Foundation	_NSSelectorFromString	fn
Foundation	_NSTemporaryDirectory	fn
Foundation	_NSURLErrorDomain	data
Foundation	_NSURLErrorFailingURLErrorKey	data
Foundation	_NSURLErrorFailingURLStringErrorKey	data
Foundation	_NSUnderlyingErrorKey	data
Foundation	_OBJC_CLASS_$_NSAutoreleasePool	fn
Foundation	_OBJC_CLASS_$_NSBundle	fn
Foundation	_OBJC_CLASS_$_NSCharacterSet	fn
Foundation	_OBJC_CLASS_$_NSDateFormatter	fn
Foundation	_OBJC_CLASS_$_NSError	fn
Foundation	_OBJC_CLASS_$_NSFileManager	fn
Foundation	_OBJC_CLASS_$_NSJSONSerialization	fn
Foundation	_OBJC_CLASS_$_NSKeyedArchiver	fn
Foundation	_OBJC_CLASS_$_NSKeyedUnarchiver	fn
Foundation	_OBJC_CLASS_$_NSLayoutConstraint	fn
Foundation	_OBJC_CLASS_$_NSMutableString	fn
Foundation	_OBJC_CLASS_$_NSNotificationCenter	fn
Foundation	_OBJC_CLASS_$_NSNumber	fn
Foundation	_OBJC_CLASS_$_NSNumberFormatter	fn
Foundation	_OBJC_CLASS_$_NSOperationQueue	fn
Foundation	_OBJC_CLASS_$_NSProcessInfo	fn
Foundation	_OBJC_CLASS_$_NSScanner	fn
Foundation	_OBJC_CLASS_$_NSString	fn
Foundation	_OBJC_CLASS_$_NSThread	fn
Foundation	_OBJC_CLASS_$_NSURLComponents	fn
Foundation	_OBJC_CLASS_$_NSURLQueryItem	fn
Foundation	_OBJC_CLASS_$_NSUUID	fn
Foundation	_OBJC_CLASS_$_NSValue	fn
Foundation	_OBJC_CLASS_$_NSXMLParser	fn
Foundation	_OBJC_METACLASS_$_NSError	fn
GameController	-	lib
GameController	_GCControllerDidConnectNotification	data
GameController	_GCControllerDidDisconnectNotification	data
GameController	_OBJC_CLASS_$_GCController	fn
GameController	_OBJC_CLASS_$_GCExtendedGamepadSnapshot	fn
OpenAL	-	lib
OpenGLES	-	lib
OpenGLES	_OBJC_CLASS_$_EAGLContext	fn
OpenGLES	_glActiveTexture	fn
OpenGLES	_glAttachShader	fn
OpenGLES	_glBindBuffer	fn
OpenGLES	_glBindFramebuffer	fn
OpenGLES	_glBindRenderbuffer	fn
OpenGLES	_glBindRenderbufferOES	fn
OpenGLES	_glBindTexture	fn
OpenGLES	_glBindVertexArrayOES	fn
OpenGLES	_glBlendFunc	fn
OpenGLES	_glBlendFuncSeparate	fn
OpenGLES	_glBufferData	fn
OpenGLES	_glBufferSubData	fn
OpenGLES	_glCheckFramebufferStatus	fn
OpenGLES	_glClear	fn
OpenGLES	_glClearColor	fn
OpenGLES	_glClearDepthf	fn
OpenGLES	_glClearStencil	fn
OpenGLES	_glColorMask	fn
OpenGLES	_glCompileShader	fn
OpenGLES	_glCompressedTexImage2D	fn
OpenGLES	_glCreateProgram	fn
OpenGLES	_glCreateShader	fn
OpenGLES	_glCullFace	fn
OpenGLES	_glDeleteBuffers	fn
OpenGLES	_glDeleteFramebuffers	fn
OpenGLES	_glDeleteProgram	fn
OpenGLES	_glDeleteRenderbuffers	fn
OpenGLES	_glDeleteShader	fn
OpenGLES	_glDeleteTextures	fn
OpenGLES	_glDeleteVertexArraysOES	fn
OpenGLES	_glDepthFunc	fn
OpenGLES	_glDepthMask	fn
OpenGLES	_glDepthRangef	fn
OpenGLES	_glDisable	fn
OpenGLES	_glDiscardFramebufferEXT	fn
OpenGLES	_glDrawArrays	fn
OpenGLES	_glDrawElements	fn
OpenGLES	_glEnable	fn
OpenGLES	_glEnableVertexAttribArray	fn
OpenGLES	_glFramebufferRenderbuffer	fn
OpenGLES	_glFramebufferRenderbufferOES	fn
OpenGLES	_glFramebufferTexture2D	fn
OpenGLES	_glGenBuffers	fn
OpenGLES	_glGenFramebuffers	fn
OpenGLES	_glGenRenderbuffers	fn
OpenGLES	_glGenRenderbuffersOES	fn
OpenGLES	_glGenTextures	fn
OpenGLES	_glGenVertexArraysOES	fn
OpenGLES	_glGetActiveAttrib	fn
OpenGLES	_glGetActiveUniform	fn
OpenGLES	_glGetAttribLocation	fn
OpenGLES	_glGetError	fn
OpenGLES	_glGetIntegerv	fn
OpenGLES	_glGetProgramInfoLog	fn
OpenGLES	_glGetProgramiv	fn
OpenGLES	_glGetRenderbufferParameteriv	fn
OpenGLES	_glGetShaderInfoLog	fn
OpenGLES	_glGetShaderPrecisionFormat	fn
OpenGLES	_glGetShaderiv	fn
OpenGLES	_glGetString	fn
OpenGLES	_glGetTexParameteriv	fn
OpenGLES	_glGetUniformLocation	fn
OpenGLES	_glIsTexture	fn
OpenGLES	_glLinkProgram	fn
OpenGLES	_glPolygonOffset	fn
OpenGLES	_glReleaseShaderCompiler	fn
OpenGLES	_glRenderbufferStorage	fn
OpenGLES	_glRenderbufferStorageOES	fn
OpenGLES	_glScissor	fn
OpenGLES	_glShaderSource	fn
OpenGLES	_glStencilFuncSeparate	fn
OpenGLES	_glStencilMask	fn
OpenGLES	_glStencilOpSeparate	fn
OpenGLES	_glTexImage2D	fn
OpenGLES	_glTexParameteri	fn
OpenGLES	_glTexSubImage2D	fn
OpenGLES	_glUniform1fv	fn
OpenGLES	_glUniform1i	fn
OpenGLES	_glUniform1iv	fn
OpenGLES	_glUniform2fv	fn
OpenGLES	_glUniform2iv	fn
OpenGLES	_glUniform3fv	fn
OpenGLES	_glUniform3iv	fn
OpenGLES	_glUniform4fv	fn
OpenGLES	_glUniform4iv	fn
OpenGLES	_glUniformMatrix2fv	fn
OpenGLES	_glUniformMatrix3fv	fn
OpenGLES	_glUniformMatrix4fv	fn
OpenGLES	_glUseProgram	fn
OpenGLES	_glVertexAttribPointer	fn
OpenGLES	_glViewport	fn
OpenGLES	_kEAGLColorFormatRGBA8	data
OpenGLES	_kEAGLDrawablePropertyColorFormat	data
OpenGLES	_kEAGLDrawablePropertyRetainedBacking	data
QuartzCore	-	lib
QuartzCore	_OBJC_CLASS_$_CAEAGLLayer	fn
Security	-	lib
Security	_SecCertificateCreateWithData	fn
Security	_SecItemAdd	fn
Security	_SecItemCopyMatching	fn
Security	_SecItemDelete	fn
Security	_SecItemUpdate	fn
Security	_SecPolicyCreateSSL	fn
Security	_SecRandomCopyBytes	fn
Security	_SecTrustCreateWithCertificates	fn
Security	_SecTrustEvaluate	fn
Security	_kSecAttrAccessGroup	data
Security	_kSecAttrAccessible	data
Security	_kSecAttrAccessibleAfterFirstUnlock	data
Security	_kSecAttrAccount	data
Security	_kSecAttrDescription	data
Security	_kSecAttrGeneric	data
Security	_kSecAttrIsInvisible	data
Security	_kSecAttrLabel	data
Security	_kSecAttrService	data
Security	_kSecClass	data
Security	_kSecClassGenericPassword	data
Security	_kSecMatchLimit	data
Security	_kSecMatchLimitAll	data
Security	_kSecMatchLimitOne	data
Security	_kSecRandomDefault	data
Security	_kSecReturnAttributes	data
Security	_kSecReturnData	data
Security	_kSecValueData	data
StoreKit	-	lib
StoreKit	_OBJC_CLASS_$_SKMutablePayment	fn
StoreKit	_OBJC_CLASS_$_SKPaymentQueue	fn
StoreKit	_OBJC_CLASS_$_SKProductsRequest	fn
StoreKit	_OBJC_CLASS_$_SKReceiptRefreshRequest	fn
SystemConfiguration	-	lib
SystemConfiguration	_SCNetworkReachabilityCreateWithAddress	fn
SystemConfiguration	_SCNetworkReachabilityCreateWithName	fn
SystemConfiguration	_SCNetworkReachabilityGetFlags	fn
SystemConfiguration	_SCNetworkReachabilityScheduleWithRunLoop	fn
SystemConfiguration	_SCNetworkReachabilitySetCallback	fn
SystemConfiguration	_SCNetworkReachabilityUnscheduleFromRunLoop	fn
UIKit	-	lib
UIKit	_OBJC_CLASS_$_UIApplication	fn
UIKit	_OBJC_CLASS_$_UIColor	fn
UIKit	_OBJC_CLASS_$_UIDevice	fn
UIKit	_OBJC_CLASS_$_UIFont	fn
UIKit	_OBJC_CLASS_$_UIImage	fn
UIKit	_OBJC_CLASS_$_UIImagePickerController	fn
UIKit	_OBJC_CLASS_$_UIPopoverController	fn
UIKit	_OBJC_CLASS_$_UIScreen	fn
UIKit	_OBJC_CLASS_$_UITextView	fn
UIKit	_OBJC_CLASS_$_UIUserNotificationSettings	fn
UIKit	_OBJC_CLASS_$_UIView	fn
UIKit	_OBJC_CLASS_$_UIViewController	fn
UIKit	_OBJC_METACLASS_$_UIView	fn
UIKit	_OBJC_METACLASS_$_UIViewController	fn
UIKit	_UIAccessibilityDarkerSystemColorsEnabled	fn
UIKit	_UIAccessibilityIsBoldTextEnabled	fn
UIKit	_UIAccessibilityIsClosedCaptioningEnabled	fn
UIKit	_UIAccessibilityIsGrayscaleEnabled	fn
UIKit	_UIAccessibilityIsGuidedAccessEnabled	fn
UIKit	_UIAccessibilityIsInvertColorsEnabled	fn
UIKit	_UIAccessibilityIsMonoAudioEnabled	fn
UIKit	_UIAccessibilityIsReduceMotionEnabled	fn
UIKit	_UIAccessibilityIsReduceTransparencyEnabled	fn
UIKit	_UIAccessibilityIsSpeakScreenEnabled	fn
UIKit	_UIAccessibilityIsSpeakSelectionEnabled	fn
UIKit	_UIAccessibilityIsSwitchControlRunning	fn
UIKit	_UIAccessibilityIsVoiceOverRunning	fn
UIKit	_UIApplicationMain	fn
UIKit	_UIBackgroundTaskInvalid	data
UIKit	_UIDeviceOrientationDidChangeNotification	data
UIKit	_UIImagePNGRepresentation	fn
UIKit	_UIImagePickerControllerOriginalImage	data
UIKit	_UIKeyboardDidShowNotification	data
UIKit	_UIKeyboardFrameBeginUserInfoKey	data
UIKit	_UITextViewTextDidChangeNotification	data
WebKit	-	lib
WebKit	_OBJC_CLASS_$_WKWebView	fn
WebKit	_OBJC_CLASS_$_WKWebViewConfiguration	fn
XSAPITCUI	-	lib
XSAPITCUI	_OBJC_CLASS_$_TCUILaunchDelegate	fn
XSAPITCUI	_OBJC_CLASS_$_TCUIManager	fn
XSAPITCUI	_OBJC_CLASS_$_XBLCll	fn
XSAPITCUI	_OBJC_CLASS_$_XBLIDPScenario	fn
XSAPITCUI	_OBJC_CLASS_$_XBLMicrosoftProfile	fn
XSAPITCUI	_OBJC_CLASS_$_XBLService	fn
XSAPITCUI	_OBJC_CLASS_$_XBLServiceProvider	fn
XSAPITCUI	_OBJC_CLASS_$_XBLXboxProfile	fn
libobjc	-	lib
libobjc	_OBJC_CLASS_$_NSObject	fn
libobjc	_OBJC_METACLASS_$_NSObject	fn
libobjc	___objc_personality_v0	fn
libobjc	__objc_empty_cache	data
libobjc	__objc_empty_vtable	data
libobjc	_class_addMethod	fn
libobjc	_class_addProperty	fn
libobjc	_class_addProtocol	fn
libobjc	_class_getInstanceMethod	fn
libobjc	_class_getInstanceVariable	fn
libobjc	_class_getName	fn
libobjc	_class_getSuperclass	fn
libobjc	_class_isMetaClass	fn
libobjc	_class_replaceMethod	fn
libobjc	_method_setImplementation	fn
libobjc	_objc_allocateClassPair	fn
libobjc	_objc_autorelease	fn
libobjc	_objc_autoreleasePoolPop	fn
libobjc	_objc_autoreleasePoolPush	fn
libobjc	_objc_autoreleaseReturnValue	fn
libobjc	_objc_begin_catch	fn
libobjc	_objc_constructInstance	fn
libobjc	_objc_copyClassNamesForImage	fn
libobjc	_objc_copyCppObjectAtomic	fn
libobjc	_objc_copyWeak	fn
libobjc	_objc_destroyWeak	fn
libobjc	_objc_end_catch	fn
libobjc	_objc_enumerationMutation	fn
libobjc	_objc_getClass	fn
libobjc	_objc_getMetaClass	fn
libobjc	_objc_getProperty	fn
libobjc	_objc_getProtocol	fn
libobjc	_objc_getRequiredClass	fn
libobjc	_objc_initWeak	fn
libobjc	_objc_initializeClassPair	fn
libobjc	_objc_loadWeakRetained	fn
libobjc	_objc_lookUpClass	fn
libobjc	_objc_msgSend	fn
libobjc	_objc_msgSendSuper2	fn
libobjc	_objc_readClassPair	fn
libobjc	_objc_registerClassPair	fn
libobjc	_objc_release	fn
libobjc	_objc_retain	fn
libobjc	_objc_retainAutorelease	fn
libobjc	_objc_retainAutoreleaseReturnValue	fn
libobjc	_objc_retainAutoreleasedReturnValue	fn
libobjc	_objc_retainBlock	fn
libobjc	_objc_setProperty_atomic	fn
libobjc	_objc_setProperty_atomic_copy	fn
libobjc	_objc_setProperty_nonatomic	fn
libobjc	_objc_setProperty_nonatomic_copy	fn
libobjc	_objc_storeStrong	fn
libobjc	_objc_storeWeak	fn
libobjc	_objc_sync_enter	fn
libobjc	_objc_sync_exit	fn
libobjc	_object_getClass	fn
libobjc	_object_getIndexedIvars	fn
libobjc	_object_getIvar	fn
libobjc	_property_copyAttributeList	fn
libobjc	_protocol_getMethodDescription	fn
libobjc	_protocol_getName	fn
libobjc	_sel_getUid	fn
